0.928036759	,	0.105529529	,	0.792661767	,	0.997412786	,	0.485964912	,	0.011136481	,	0.217660155	,	0
1.02160401	,	0.103983994	,	0.789079578	,	0.997385224	,	0.505045948	,	0.010812671	,	0.224876402	,	0
0.657577277	,	0.117618326	,	0.817063687	,	0.997073967	,	0.407518797	,	0.013834071	,	0.13707687	,	0
0.988170426	,	0.108207431	,	0.789921621	,	0.99694135	,	0.49914787	,	0.011708848	,	0.215871361	,	0
0.730108605	,	0.114850711	,	0.802665048	,	0.996645844	,	0.442690058	,	0.013190686	,	0.137737597	,	0
1.07871345	,	0.125936248	,	0.787301806	,	0.994971957	,	0.506716792	,	0.015859938	,	0.17474196	,	0
1.345898079	,	0.111429597	,	0.752958309	,	0.997374401	,	0.593918129	,	0.012416555	,	0.250099352	,	0
1.368320802	,	0.098380401	,	0.74651021	,	0.996924008	,	0.605446951	,	0.009678703	,	0.257704619	,	0
1.144511278	,	0.113555816	,	0.787247025	,	0.996080392	,	0.504711779	,	0.012894923	,	0.170681008	,	0
1.216608187	,	0.115379411	,	0.764407722	,	0.995762081	,	0.556959064	,	0.013312408	,	0.202411089	,	0
1.511779449	,	0.109613076	,	0.738056071	,	0.99701976	,	0.656842105	,	0.012015026	,	0.292769633	,	0
1.832798663	,	0.09862685	,	0.725678286	,	0.99696889	,	0.690309106	,	0.009727256	,	0.309478733	,	0
1.528588137	,	0.107608236	,	0.736333508	,	0.997043584	,	0.660785297	,	0.011579532	,	0.293237529	,	0
0.536825397	,	0.122322914	,	0.85548477	,	0.998230742	,	0.320517962	,	0.014962895	,	0.171101724	,	0
0.565530493	,	0.131927542	,	0.86163007	,	0.997783367	,	0.313333333	,	0.017404876	,	0.173997466	,	0
0.808504595	,	0.125192384	,	0.838901765	,	0.997641207	,	0.387451963	,	0.015673133	,	0.203146465	,	0
0.79166249	,	0.121502546	,	0.835122349	,	0.998032653	,	0.391796157	,	0.014762869	,	0.215100706	,	0
0.682005013	,	0.123091277	,	0.8485301	,	0.997940371	,	0.352949039	,	0.015151462	,	0.198372034	,	0
1.078830409	,	0.124179595	,	0.78545463	,	0.995047133	,	0.510810359	,	0.015420572	,	0.175985245	,	0
1.214068505	,	0.116453177	,	0.757735619	,	0.996400397	,	0.577176274	,	0.013561342	,	0.22836966	,	0
7.295020886	,	0.079526734	,	0.7802894	,	0.997513252	,	0.746716792	,	0.006324501	,	0.522230058	,	0
9.373400167	,	0.100436938	,	0.787683975	,	0.996467395	,	0.785931495	,	0.010087578	,	0.496485823	,	0
8.999298246	,	0.063912139	,	0.780712462	,	0.998131062	,	0.813400167	,	0.004084761	,	0.576207758	,	0
7.290325815	,	0.069089209	,	0.781980198	,	0.998531582	,	0.747335004	,	0.004773319	,	0.569988468	,	0
8.780718463	,	0.063563709	,	0.77457792	,	0.998278956	,	0.824126984	,	0.004040345	,	0.59168388	,	0
9.09304929	,	0.062939915	,	0.776471941	,	0.998160214	,	0.8306934	,	0.003961433	,	0.591768323	,	0
8.007786132	,	0.079550189	,	0.775768157	,	0.997265388	,	0.771261487	,	0.006328233	,	0.511646751	,	0
13.3358396	,	0.078993644	,	0.755501589	,	0.995795964	,	0.960802005	,	0.006239996	,	0.575101922	,	0
8.812046784	,	0.06310116	,	0.773664115	,	0.998138468	,	0.829122807	,	0.003981756	,	0.585000465	,	0
8.654770259	,	0.064122176	,	0.765450291	,	0.998034895	,	0.848086884	,	0.004111653	,	0.612278345	,	0
0.194402673	,	0.140994052	,	0.91616502	,	0.999466696	,	0.172113617	,	0.019879323	,	0.083967405	,	0
0.51273183	,	0.163534708	,	0.921271177	,	0.99748572	,	0.188287385	,	0.026743601	,	0.169845271	,	0
0.210643275	,	0.124858287	,	0.903660819	,	0.999532202	,	0.195672515	,	0.015589592	,	0.090735029	,	0
0.505914787	,	0.141129923	,	0.90303004	,	0.998428733	,	0.220902256	,	0.019917655	,	0.16161581	,	0
0.192230576	,	0.147074271	,	0.914711779	,	0.999330021	,	0.174185464	,	0.021630841	,	0.081104489	,	0
0.183575606	,	0.145039449	,	0.915508084	,	0.999356032	,	0.171411863	,	0.021036442	,	0.083470989	,	0
0.338362573	,	0.121734609	,	0.900705638	,	0.999456309	,	0.215388471	,	0.014819315	,	0.193198841	,	0
4.094218881	,	0.117304469	,	0.839845286	,	0.99377287	,	0.477276525	,	0.013760338	,	0.306144078	,	0
21.26502924	,	0.122766176	,	0.8003045	,	0.966421968	,	0.976975773	,	0.015071534	,	0.500059926	,	0
5.056708438	,	0.135568731	,	0.840003167	,	0.988932513	,	0.55037594	,	0.018378881	,	0.370881845	,	0
4.987819549	,	0.132315397	,	0.839213404	,	0.990756698	,	0.551896408	,	0.017507364	,	0.385894196	,	0
4.234937343	,	0.124897333	,	0.838681303	,	0.993399621	,	0.526900585	,	0.015599344	,	0.376663434	,	0
4.191512114	,	0.119657025	,	0.83585489	,	0.994225842	,	0.527351713	,	0.014317804	,	0.377439486	,	0
2.390559733	,	0.115319782	,	0.851006733	,	0.996805083	,	0.418997494	,	0.013298652	,	0.31265143	,	0
0.48556391	,	0.160659126	,	0.916281764	,	0.9973864	,	0.193233083	,	0.025811355	,	0.144260013	,	0
0.166466165	,	0.156258064	,	0.92360401	,	0.999238421	,	0.155071011	,	0.024416583	,	0.071227605	,	0
0.185898079	,	0.14608687	,	0.916832972	,	0.99938857	,	0.169557226	,	0.021341373	,	0.083966331	,	0
0.191829574	,	0.140942401	,	0.916433731	,	0.999475393	,	0.171244779	,	0.01986476	,	0.082498966	,	0
0.22289056	,	0.122179552	,	0.903647747	,	0.999543475	,	0.197727652	,	0.014927843	,	0.100762532	,	0
0.211244779	,	0.126330576	,	0.904478156	,	0.999509248	,	0.194402673	,	0.015959414	,	0.091492283	,	0
0.197844612	,	0.134272089	,	0.910897538	,	0.999466903	,	0.181470343	,	0.018028994	,	0.088513688	,	0
0.508170426	,	0.138347501	,	0.900892073	,	0.998538734	,	0.225497076	,	0.019140031	,	0.16271417	,	0
0.194385965	,	0.13346166	,	0.911047619	,	0.999478301	,	0.180651629	,	0.017812015	,	0.085478068	,	0
0.103659148	,	0.255031702	,	0.953877635	,	0.997559953	,	0.094135338	,	0.065041169	,	0.035079361	,	0
0.105781119	,	0.248299805	,	0.949836257	,	0.997579565	,	0.101236424	,	0.061652793	,	0.029022135	,	0
0.109908104	,	0.231236175	,	0.947612364	,	0.99788061	,	0.105630744	,	0.053470169	,	0.032564908	,	0
0.121303258	,	0.218819563	,	0.943458647	,	0.998217039	,	0.114452799	,	0.047882001	,	0.038748743	,	0
0.111528822	,	0.25508852	,	0.949566563	,	0.996721629	,	0.102639933	,	0.065070153	,	0.027274228	,	0
0.112815372	,	0.247464096	,	0.948284043	,	0.997027948	,	0.104995823	,	0.061238479	,	0.027601802	,	0
0.122155388	,	0.229867703	,	0.942849771	,	0.997414786	,	0.115605681	,	0.052839161	,	0.030284507	,	0
0.167552214	,	0.172303396	,	0.925344341	,	0.998652778	,	0.152347536	,	0.02968846	,	0.052681289	,	0
0.161804511	,	0.193273142	,	0.92635589	,	0.998305795	,	0.149707602	,	0.037354507	,	0.043101402	,	0
0.161787803	,	0.208688183	,	0.929231412	,	0.997899347	,	0.144912281	,	0.043550758	,	0.045581966	,	0
6.571244779	,	0.134991888	,	0.835615366	,	0.986774897	,	0.600918964	,	0.01822281	,	0.395491001	,	0
4.163926483	,	0.119843824	,	0.861276817	,	0.99218901	,	0.430426065	,	0.014362542	,	0.29892689	,	0
2.875923141	,	0.119253129	,	0.856026075	,	0.992205144	,	0.383659148	,	0.014221309	,	0.223658467	,	0
11.87236424	,	0.121246627	,	0.821140262	,	0.980585735	,	0.705179616	,	0.014700745	,	0.408201667	,	0
0.13005848	,	0.213393097	,	0.940845447	,	0.997919622	,	0.120267335	,	0.045536614	,	0.038618116	,	0
0.124711779	,	0.22272504	,	0.941230724	,	0.997557168	,	0.118730159	,	0.049606443	,	0.034061048	,	0
0.154920635	,	0.202740952	,	0.929116124	,	0.99801894	,	0.1439599	,	0.041103894	,	0.038741263	,	0
1.123358396	,	0.169919478	,	0.887945478	,	0.997827794	,	0.282489557	,	0.028872629	,	0.243299942	,	0
1.076992481	,	0.156567212	,	0.879860899	,	0.997684079	,	0.293667502	,	0.024513292	,	0.22732559	,	0
0.558563074	,	0.148863583	,	0.892037017	,	0.998614135	,	0.243308271	,	0.022160366	,	0.163989432	,	0
0.473082707	,	0.142349524	,	0.896341684	,	0.999005796	,	0.227568922	,	0.020263387	,	0.149309406	,	0
0.985847953	,	0.128327308	,	0.892809986	,	0.998990776	,	0.259732665	,	0.016467898	,	0.198297032	,	0
1.914569758	,	0.116702221	,	0.875617678	,	0.998545346	,	0.338195489	,	0.013619408	,	0.28003051	,	0
3.028955723	,	0.118091238	,	0.85598543	,	0.997983735	,	0.436507937	,	0.013945541	,	0.37151537	,	0
0.535856307	,	0.186697297	,	0.926895085	,	0.998507343	,	0.169106099	,	0.034855881	,	0.123893029	,	0
0.14106934	,	0.211592775	,	0.936101921	,	0.998465706	,	0.130008354	,	0.044771503	,	0.052637634	,	0
0.157126149	,	0.172141947	,	0.925827903	,	0.999519406	,	0.149807853	,	0.02963285	,	0.074879969	,	0
0.138279031	,	0.186581012	,	0.934188805	,	0.99939452	,	0.13273183	,	0.034812474	,	0.065562385	,	0
0.131846282	,	0.190283554	,	0.936502924	,	0.99931398	,	0.12780284	,	0.036207831	,	0.060043111	,	0
0.547435255	,	0.165349944	,	0.928086385	,	0.99841308	,	0.166015038	,	0.027340604	,	0.110942663	,	0
1.301988304	,	0.145682831	,	0.918069158	,	0.998033622	,	0.227869674	,	0.021223487	,	0.176266861	,	0
2.224828739	,	0.144000857	,	0.909523765	,	0.997615549	,	0.277527151	,	0.020736247	,	0.200157525	,	0
7.860985798	,	0.146771305	,	0.878804343	,	0.995537409	,	0.457477026	,	0.021541816	,	0.329584187	,	0
7.564444444	,	0.143644482	,	0.884093952	,	0.995197906	,	0.435154553	,	0.020633737	,	0.302999	,	0
7.005213033	,	0.137948935	,	0.889278943	,	0.99454152	,	0.399164578	,	0.019029909	,	0.253992694	,	0
5.803341688	,	0.137003806	,	0.898149378	,	0.992849378	,	0.348705096	,	0.018770043	,	0.206725375	,	0
0.129741019	,	0.190651444	,	0.93823726	,	0.999252789	,	0.124561404	,	0.036347973	,	0.058541108	,	0
0.613132832	,	0.185317384	,	0.836114729	,	0.986952499	,	0.362873851	,	0.034342533	,	0.100104989	,	0
0.647234754	,	0.187931392	,	0.828204268	,	0.985512823	,	0.381370092	,	0.035318208	,	0.103719997	,	0
0.637928154	,	0.192948268	,	0.826666362	,	0.984355281	,	0.382589808	,	0.037229034	,	0.104505406	,	0
0.645680869	,	0.202197515	,	0.830775743	,	0.98292389	,	0.376340852	,	0.040883835	,	0.10343089	,	0
1.108755221	,	0.164363341	,	0.81684848	,	0.982930249	,	0.439314954	,	0.027015308	,	0.129238507	,	0
1.087234754	,	0.166212843	,	0.81014116	,	0.981909748	,	0.447535505	,	0.027626709	,	0.130644314	,	0
1.02823726	,	0.178499771	,	0.821151628	,	0.981141386	,	0.420150376	,	0.031862168	,	0.12994364	,	0
1.069072682	,	0.183015174	,	0.816949717	,	0.977062354	,	0.433984962	,	0.033494554	,	0.134247627	,	0
0.787117794	,	0.153815568	,	0.830830173	,	0.9908528	,	0.387351713	,	0.023659229	,	0.121155949	,	0
0.818529657	,	0.155555311	,	0.849046265	,	0.99158725	,	0.360584795	,	0.024197455	,	0.129087501	,	0
0.847017544	,	0.146196521	,	0.84665281	,	0.993274422	,	0.368588137	,	0.021373423	,	0.14454669	,	0
1.62770259	,	0.141145471	,	0.798157352	,	0.984532323	,	0.499983292	,	0.019922044	,	0.157777448	,	0
1.26984127	,	0.152211712	,	0.837277359	,	0.987125144	,	0.407552214	,	0.023168405	,	0.149410109	,	0
1.116892231	,	0.134879248	,	0.810313703	,	0.992219754	,	0.446482874	,	0.018192412	,	0.164605977	,	0
0.733617377	,	0.135314895	,	0.820230704	,	0.995051578	,	0.40021721	,	0.018310121	,	0.14653072	,	0
0.313968254	,	0.187948709	,	0.868026893	,	0.995122009	,	0.271929825	,	0.035324717	,	0.066189016	,	0
0.352898914	,	0.180698134	,	0.854493206	,	0.994462345	,	0.30106934	,	0.032651816	,	0.061410918	,	0
0.303040936	,	0.204865688	,	0.871733382	,	0.993063737	,	0.263909774	,	0.04196995	,	0.055704984	,	0
0.285530493	,	0.234731307	,	0.884647577	,	0.991858745	,	0.239448622	,	0.055098787	,	0.056964578	,	0
0.327518797	,	0.185370275	,	0.876316959	,	0.996423141	,	0.26021721	,	0.034362139	,	0.070441444	,	0
3.502188805	,	0.112010075	,	0.875601183	,	0.993359095	,	0.424394319	,	0.012546257	,	0.292696228	,	0
2.730659983	,	0.107638029	,	0.870881925	,	0.995877911	,	0.410225564	,	0.011585945	,	0.305601717	,	0
2.571261487	,	0.110186688	,	0.875572254	,	0.995725556	,	0.389507101	,	0.012141106	,	0.282551801	,	0
3.809172932	,	0.103706131	,	0.826975868	,	0.994588966	,	0.566031746	,	0.010754962	,	0.395539404	,	0
4.285480368	,	0.108579333	,	0.834296432	,	0.992349183	,	0.574636591	,	0.011789472	,	0.387848529	,	0
3.718763576	,	0.106052373	,	0.828994707	,	0.993264589	,	0.551746032	,	0.011247106	,	0.368426847	,	0
12.20893901	,	0.152480917	,	0.825256069	,	0.998841824	,	0.88726817	,	0.02325043	,	0.433017452	,	0
12.28745196	,	0.115446829	,	0.788847866	,	0.998788272	,	0.896942356	,	0.01332797	,	0.404766779	,	0
12.04900585	,	0.105805366	,	0.753629089	,	0.998517932	,	0.997209691	,	0.011194775	,	0.619581191	,	0
11.99075	,	0.117945534	,	0.765512646	,	0.997063419	,	0.95475	,	0.013911149	,	0.444140394	,	0
13.86586466	,	0.116665656	,	0.773446523	,	0.998604258	,	1.056842105	,	0.013610875	,	0.60103179	,	0
17.76940685	,	0.144921068	,	0.782171869	,	0.998090182	,	1.08085213	,	0.021002116	,	0.529696719	,	0
18.17229741	,	0.130464671	,	0.738731165	,	0.998447034	,	1.29817878	,	0.01702103	,	0.72148196	,	0
24.46125313	,	0.154575822	,	0.797347509	,	0.985407756	,	1.209857978	,	0.023893685	,	0.626131059	,	0
50.07441938	,	0.130930924	,	0.732726259	,	0.992284826	,	1.957226399	,	0.017142907	,	0.752240537	,	0
50.61072682	,	0.133988299	,	0.733416953	,	0.992244396	,	1.978111947	,	0.017952864	,	0.757472725	,	0
54.93385129	,	0.140838278	,	0.734081008	,	0.991475517	,	2.081553885	,	0.019835421	,	0.775375518	,	0
42.47251462	,	0.149209909	,	0.760620487	,	0.9930654	,	1.768086884	,	0.022263597	,	0.729657774	,	0
35.82579783	,	0.114672383	,	0.703445772	,	0.993889563	,	1.837928154	,	0.013149755	,	0.780368844	,	0
47.64842105	,	0.112084721	,	0.68841885	,	0.99201083	,	2.098412698	,	0.012562985	,	0.820512327	,	0
43.50008354	,	0.108270073	,	0.683858862	,	0.992835606	,	2.029607352	,	0.011722409	,	0.815661258	,	0
42.36624896	,	0.084833859	,	0.654455585	,	0.992614709	,	2.132865497	,	0.007196784	,	0.85475777	,	0
26.15495405	,	0.08859395	,	0.685230385	,	0.995186348	,	1.700183793	,	0.007848888	,	0.767850083	,	0
30.91139515	,	0.083011034	,	0.665032371	,	0.99440226	,	1.869456976	,	0.006890832	,	0.809656894	,	0
33.18738513	,	0.072902362	,	0.64221755	,	0.993911854	,	2.014452799	,	0.005314754	,	0.854683658	,	0
1.059899749	,	0.163754323	,	0.865919774	,	0.997159054	,	0.340701754	,	0.026815478	,	0.297426328	,	0
1.360066834	,	0.162294402	,	0.861183639	,	0.997093636	,	0.368922306	,	0.026339473	,	0.331795346	,	0
1.961019215	,	0.158184192	,	0.857069163	,	0.995851295	,	0.398212197	,	0.025022239	,	0.351227159	,	0
4.34566416	,	0.150914539	,	0.849230551	,	0.992655687	,	0.513182957	,	0.022775198	,	0.418087376	,	0
0.751929825	,	0.13421981	,	0.857926875	,	0.999875948	,	0.335789474	,	0.018014957	,	0.286679915	,	0
0.787504475	,	0.130631506	,	0.853000094	,	0.999867693	,	0.34783387	,	0.01706459	,	0.291776433	,	0
1.157276525	,	0.124044066	,	0.852501724	,	0.999810784	,	0.370041771	,	0.01538693	,	0.326258913	,	0
0.769239766	,	0.129792686	,	0.856577109	,	0.999872745	,	0.339532164	,	0.016846141	,	0.299248254	,	0
2.528070175	,	0.123604531	,	0.837325181	,	0.999376066	,	0.465045948	,	0.01527808	,	0.399389344	,	0
2.158162072	,	0.129203708	,	0.845770256	,	0.999455696	,	0.426833751	,	0.016693598	,	0.366630583	,	0
1.968755221	,	0.131858397	,	0.845535807	,	0.999516172	,	0.417777778	,	0.017386637	,	0.35369073	,	0
1.965730994	,	0.132651815	,	0.845052623	,	0.999472461	,	0.416223893	,	0.017596504	,	0.336765969	,	0
0.790893901	,	0.13731867	,	0.857561997	,	0.999781792	,	0.340200501	,	0.018856417	,	0.292163024	,	0
2.373433584	,	0.137694325	,	0.841118706	,	0.998020695	,	0.446516291	,	0.018959727	,	0.366969668	,	0
2.969022556	,	0.137566643	,	0.839234103	,	0.996139311	,	0.480300752	,	0.018924581	,	0.402834178	,	0
11.16172097	,	0.11821628	,	0.778211255	,	0.99829276	,	1.026583124	,	0.013975089	,	0.621544254	,	0
12.95878028	,	0.112732952	,	0.759454716	,	0.998054681	,	1.134285714	,	0.012708718	,	0.654912932	,	0
14.70377611	,	0.106975769	,	0.74322363	,	0.997812615	,	1.24192147	,	0.011443815	,	0.678773235	,	0
16.83587302	,	0.09880112	,	0.715239321	,	0.997507539	,	1.393667502	,	0.009761661	,	0.710768117	,	0
13.43617377	,	0.092410691	,	0.726685634	,	0.997961439	,	1.215956558	,	0.008539736	,	0.676792073	,	0
12.45079365	,	0.097604353	,	0.745925409	,	0.99810004	,	1.132664996	,	0.00952661	,	0.657814345	,	0
10.16128655	,	0.10563944	,	0.764924259	,	0.998421972	,	1.002188805	,	0.011159691	,	0.621441228	,	0
7.599264829	,	0.110954863	,	0.783762068	,	0.998773644	,	0.864160401	,	0.012310982	,	0.571011002	,	0
6.19015873	,	0.104576038	,	0.786685744	,	0.998902658	,	0.792163743	,	0.010936148	,	0.540627038	,	0
8.357744361	,	0.099407679	,	0.771094227	,	0.998588464	,	0.907351713	,	0.009881887	,	0.590802479	,	0
10.15126149	,	0.09188672	,	0.75209685	,	0.998337642	,	1.012414369	,	0.008443169	,	0.622749234	,	0
12.38083542	,	0.087453421	,	0.733617384	,	0.997977687	,	1.147986633	,	0.007648101	,	0.678444753	,	0
29.21137845	,	0.119367929	,	0.710828781	,	0.995372047	,	1.690275689	,	0.014248702	,	0.764018262	,	0
26.77842941	,	0.113380916	,	0.705728161	,	0.995881615	,	1.630459482	,	0.012855232	,	0.747031911	,	0
25.17319967	,	0.112934132	,	0.700985117	,	0.996202195	,	1.595989975	,	0.012754118	,	0.735168922	,	0
23.25542189	,	0.107753238	,	0.675865543	,	0.996170956	,	1.710827068	,	0.01161076	,	0.775551545	,	0
20.97092732	,	0.105853407	,	0.67314928	,	0.996616549	,	1.675789474	,	0.011204944	,	0.767090049	,	0
20.22382623	,	0.100289882	,	0.67328827	,	0.996826424	,	1.640501253	,	0.01005806	,	0.754629521	,	0
19.32203843	,	0.106115046	,	0.711570725	,	0.996946953	,	1.495104428	,	0.011260403	,	0.730482027	,	0
16.95298246	,	0.084765526	,	0.69379584	,	0.997112496	,	1.488888889	,	0.007185194	,	0.745948385	,	0
18.99345029	,	0.081096076	,	0.6675139	,	0.996801239	,	1.6346533	,	0.006576574	,	0.770672469	,	0
19.10980785	,	0.079752214	,	0.651216374	,	0.996684787	,	1.703358396	,	0.006360416	,	0.778070837	,	0
21.99677527	,	0.082137095	,	0.65654319	,	0.996114342	,	1.752631579	,	0.006746502	,	0.794408958	,	0
28.06142022	,	0.115439297	,	0.703971622	,	0.995803222	,	1.66342523	,	0.013326231	,	0.753368427	,	0
12.60860485	,	0.108438877	,	0.786215816	,	0.998373473	,	1.002556391	,	0.01175899	,	0.560129499	,	0
12.59852966	,	0.107912088	,	0.781879173	,	0.998422977	,	1.014536341	,	0.011645019	,	0.563170058	,	0
12.51436926	,	0.109448992	,	0.784826433	,	0.998502009	,	1.011913116	,	0.011979082	,	0.572326679	,	0
12.79868003	,	0.109950357	,	0.781308192	,	0.998538329	,	1.040785297	,	0.012089081	,	0.586738818	,	0
12.97446951	,	0.106229958	,	0.780590219	,	0.998533453	,	1.057376775	,	0.011284804	,	0.594880601	,	0
13.20013367	,	0.091204514	,	0.760871544	,	0.997978816	,	1.099715957	,	0.008318263	,	0.609676423	,	0
13.66785297	,	0.093265583	,	0.760704188	,	0.998088432	,	1.130008354	,	0.008698469	,	0.630691027	,	0
13.80736842	,	0.093601606	,	0.758778282	,	0.998170222	,	1.146883876	,	0.008761261	,	0.638400342	,	0
10.15498747	,	0.110042587	,	0.777478906	,	0.99871745	,	0.93657477	,	0.012109371	,	0.612418391	,	0
7.93732665	,	0.10380973	,	0.773668941	,	0.998831609	,	0.89893066	,	0.01077646	,	0.597237087	,	0
6.734703425	,	0.096956631	,	0.778884135	,	0.99869401	,	0.803809524	,	0.009400588	,	0.520875098	,	0
10.27380117	,	0.07799187	,	0.736296665	,	0.997410025	,	1.015822891	,	0.006082732	,	0.589937389	,	0
11.34968333	,	0.075748478	,	0.726325876	,	0.997057687	,	1.076216667	,	0.005737832	,	0.60579746	,	0
10.27174603	,	0.105682669	,	0.787629407	,	0.998095694	,	0.896374269	,	0.011168827	,	0.497032796	,	0
11.24140351	,	0.103487312	,	0.778263868	,	0.998060558	,	0.95839599	,	0.010709624	,	0.530853153	,	0
12.49582289	,	0.101075945	,	0.769710008	,	0.997974721	,	1.028755221	,	0.010216347	,	0.560767691	,	0
7.471194653	,	0.090533397	,	0.796945664	,	0.997464002	,	0.668153718	,	0.008196296	,	0.428041314	,	0
4.352464495	,	0.095142094	,	0.811458458	,	0.995909233	,	0.58	,	0.009052018	,	0.37147975	,	0
4.538145363	,	0.092663482	,	0.808358191	,	0.995046699	,	0.597961571	,	0.008586521	,	0.380325787	,	0
4.809430486	,	0.094391401	,	0.806977478	,	0.996177213	,	0.597772194	,	0.008909737	,	0.379599358	,	0
7.09839599	,	0.127336189	,	0.824267651	,	0.999277064	,	0.723258145	,	0.016214505	,	0.515292484	,	0
8.324728488	,	0.128475695	,	0.817284981	,	0.99914214	,	0.786783626	,	0.016506004	,	0.538154881	,	0
11.3213868	,	0.125821873	,	0.796903186	,	0.998822378	,	0.965898079	,	0.015831144	,	0.589688339	,	0
5.995371763	,	0.108996873	,	0.811663202	,	0.999275826	,	0.711294904	,	0.011880318	,	0.509744605	,	0
4.810208855	,	0.090553103	,	0.794972522	,	0.999260852	,	0.716274018	,	0.008199864	,	0.521563225	,	0
9.399448622	,	0.081098538	,	0.768548309	,	0.997076379	,	0.871328321	,	0.006576973	,	0.505870033	,	0
5.82502924	,	0.095649781	,	0.773535383	,	0.995363357	,	0.744461153	,	0.009148881	,	0.438906701	,	0
4.939916458	,	0.060476102	,	0.688052905	,	0.999061412	,	0.846583124	,	0.003657359	,	0.52129842	,	0
1.724093567	,	0.06102692	,	0.695831218	,	0.999679617	,	0.75764411	,	0.003724285	,	0.489253964	,	0
1.661002506	,	0.059554095	,	0.696508719	,	0.999704106	,	0.749189641	,	0.00354669	,	0.486787557	,	0
2.096808688	,	0.234369623	,	0.883928577	,	0.992484341	,	0.327919799	,	0.05492912	,	0.233935423	,	0
2.095054302	,	0.242332338	,	0.887418612	,	0.991011916	,	0.321520468	,	0.058724962	,	0.230866497	,	0
2.067117794	,	0.249259931	,	0.894703338	,	0.98964893	,	0.305079365	,	0.062130513	,	0.219256938	,	0
1.730108605	,	0.248065024	,	0.899159742	,	0.989310933	,	0.276975773	,	0.061536256	,	0.195327094	,	0
1.575705931	,	0.246760648	,	0.90652573	,	0.989890582	,	0.256240602	,	0.060890818	,	0.182270433	,	0
0.185246449	,	0.229472905	,	0.924801515	,	0.997769683	,	0.15540518	,	0.052657814	,	0.058286618	,	0
0.185196324	,	0.238505604	,	0.922836303	,	0.997032441	,	0.158997494	,	0.056884923	,	0.057184657	,	0
0.166900585	,	0.259009776	,	0.929800017	,	0.996149213	,	0.144477861	,	0.067086064	,	0.052787698	,	0
0.154786967	,	0.276876225	,	0.934344553	,	0.995559067	,	0.134937343	,	0.076660444	,	0.050282735	,	0
0.157811195	,	0.293499624	,	0.937077873	,	0.993815335	,	0.130342523	,	0.086142029	,	0.051002548	,	0
0.17380117	,	0.276115076	,	0.930277982	,	0.994304463	,	0.144227235	,	0.076239535	,	0.052188484	,	0
0.181954887	,	0.256504826	,	0.923860505	,	0.995838258	,	0.156925647	,	0.065794726	,	0.051880024	,	0
0.195371763	,	0.235319877	,	0.917881673	,	0.997419368	,	0.169139515	,	0.055375444	,	0.057483343	,	0
0.180918964	,	0.261774256	,	0.921098773	,	0.995543335	,	0.161403509	,	0.068525761	,	0.064076815	,	0
0.204143693	,	0.249915164	,	0.912727109	,	0.995358455	,	0.179081036	,	0.062457589	,	0.065524487	,	0
0.223441938	,	0.234098826	,	0.906253434	,	0.996446631	,	0.193166249	,	0.05480226	,	0.06907539	,	0
0.245279866	,	0.218278858	,	0.899816317	,	0.997335044	,	0.20695071	,	0.04764566	,	0.074928183	,	0
0.673383459	,	0.186024922	,	0.864968288	,	0.998633335	,	0.312080201	,	0.034605272	,	0.253567211	,	0
0.704711779	,	0.202165472	,	0.869314592	,	0.998636517	,	0.306917293	,	0.040870878	,	0.26148614	,	0
0.768421053	,	0.208819496	,	0.879643764	,	0.998736966	,	0.291963241	,	0.043605582	,	0.271793619	,	0
0.179030911	,	0.269179359	,	0.922251609	,	0.997056779	,	0.159415205	,	0.072457527	,	0.064268714	,	0
0.172848789	,	0.280793419	,	0.923199666	,	0.994751605	,	0.156808688	,	0.078844944	,	0.05145727	,	0
0.156123642	,	0.285646412	,	0.929274166	,	0.99135046	,	0.143893066	,	0.081593873	,	0.036139009	,	0
0.133951546	,	0.285337152	,	0.93827736	,	0.992368138	,	0.125196324	,	0.08141729	,	0.025759469	,	0
0.69657477	,	0.269023979	,	0.919739814	,	0.992167395	,	0.197259816	,	0.072373901	,	0.142157921	,	0
0.673299916	,	0.270894635	,	0.910702363	,	0.993158866	,	0.212681704	,	0.073383903	,	0.141532407	,	0
0.49839599	,	0.26664465	,	0.911037575	,	0.995268831	,	0.199081036	,	0.07109937	,	0.119965634	,	0
0.606984127	,	0.255723564	,	0.912160248	,	0.996356941	,	0.203241437	,	0.065394541	,	0.14172457	,	0
1.61732665	,	0.241004025	,	0.888084834	,	0.99556198	,	0.313099415	,	0.05808294	,	0.255482565	,	0
1.957610693	,	0.255786674	,	0.895210289	,	0.991675789	,	0.321152882	,	0.065426823	,	0.258017538	,	0
2.710142022	,	0.247752337	,	0.88987362	,	0.994516361	,	0.364644946	,	0.061381221	,	0.311990003	,	0
1.531929825	,	0.253491499	,	0.89329565	,	0.99341481	,	0.297176274	,	0.06425794	,	0.231856454	,	0
0.09893066	,	0.28552862	,	0.955945845	,	0.996118584	,	0.089908104	,	0.081526593	,	0.034630268	,	0
0.102823726	,	0.277075993	,	0.953669075	,	0.996532535	,	0.09433584	,	0.076771106	,	0.036976881	,	0
0.116975773	,	0.26924684	,	0.94801661	,	0.996277604	,	0.106115288	,	0.072493861	,	0.040103307	,	0
0.1267335	,	0.259274812	,	0.943578849	,	0.99621565	,	0.115137845	,	0.067223428	,	0.041078294	,	0
0.133667502	,	0.272086026	,	0.939033859	,	0.995782319	,	0.123876358	,	0.074030806	,	0.043882098	,	0
0.631779449	,	0.246010018	,	0.91853015	,	0.998171928	,	0.208788638	,	0.060520929	,	0.211301772	,	0
0.618847118	,	0.231392453	,	0.900130793	,	0.998386508	,	0.238629908	,	0.053542467	,	0.241161526	,	0
0.592380952	,	0.242543724	,	0.907147477	,	0.998187257	,	0.22609858	,	0.058827458	,	0.221388652	,	0
0.855054302	,	0.205763788	,	0.886156341	,	0.997182591	,	0.2867335	,	0.042338736	,	0.231964291	,	0
0.217376775	,	0.253008741	,	0.928403497	,	0.99329727	,	0.154553049	,	0.064013423	,	0.05042026	,	0
2.437894737	,	0.225202872	,	0.889251087	,	0.95344605	,	0.363675856	,	0.050716334	,	0.171446998	,	0
2.404477861	,	0.216293106	,	0.892954568	,	0.961801728	,	0.349874687	,	0.046782708	,	0.177840115	,	0
1.669390142	,	0.184122183	,	0.868461641	,	0.99539274	,	0.365764411	,	0.033900978	,	0.244305599	,	0
0.158111947	,	0.217278926	,	0.929681164	,	0.996351542	,	0.143542189	,	0.047210132	,	0.035229083	,	0
38.02390977	,	0.055667049	,	0.610066844	,	0.993768485	,	1.987786132	,	0.00309882	,	0.937621227	,	1
211.3887886	,	0.03270601	,	0.470615935	,	0.979213075	,	4.994068505	,	0.001069683	,	1.395151701	,	1
138.2529657	,	0.039820829	,	0.539054931	,	0.986534197	,	3.667301587	,	0.001585698	,	1.222416715	,	1
35.30478882	,	0.054978927	,	0.661884826	,	0.994500788	,	1.639450976	,	0.003022682	,	0.832310858	,	1
88.34105263	,	0.0457132	,	0.583469095	,	0.990419996	,	2.92374269	,	0.002089697	,	1.116962471	,	1
24.20148705	,	0.071599184	,	0.630324355	,	0.99458103	,	1.722155388	,	0.005126443	,	0.861118441	,	1
79.46596491	,	0.039191579	,	0.520882624	,	0.988469844	,	3.32641604	,	0.00153598	,	1.22386392	,	1
73.34939014	,	0.057024139	,	0.573475309	,	0.99085411	,	3.003558897	,	0.003251752	,	1.169129398	,	1
26.91503759	,	0.072112283	,	0.643995728	,	0.995073026	,	1.732548037	,	0.005200181	,	0.871402368	,	1
61.13137845	,	0.050977368	,	0.567528307	,	0.990952698	,	2.789390142	,	0.002598692	,	1.128830169	,	1
59.27303258	,	0.048374592	,	0.573836528	,	0.991477966	,	2.544711779	,	0.002340101	,	1.053292375	,	1
157.9121136	,	0.036266972	,	0.504327237	,	0.983241281	,	4.238997494	,	0.001315293	,	1.307374912	,	1
252.5983292	,	0.03071222	,	0.45413921	,	0.976251192	,	5.544026734	,	0.00094324	,	1.450619637	,	1
31.24207185	,	0.067400079	,	0.620426775	,	0.992716484	,	1.849223058	,	0.004542771	,	0.877066015	,	1
23.89181287	,	0.074321041	,	0.641857451	,	0.994292761	,	1.603391813	,	0.005523617	,	0.805591824	,	1
77.96628237	,	0.05223798	,	0.554998123	,	0.98886758	,	3.102690058	,	0.002728807	,	1.161353969	,	1
84.78422723	,	0.039900015	,	0.524679747	,	0.986737763	,	3.351111111	,	0.001592011	,	1.210563572	,	1
38.21969925	,	0.058616836	,	0.583084225	,	0.992244617	,	2.15924812	,	0.003435933	,	0.95437763	,	1
127.5311278	,	0.035573237	,	0.472494094	,	0.982462194	,	4.216775272	,	0.001265455	,	1.332446905	,	1
136.9994987	,	0.037948285	,	0.527004987	,	0.987149768	,	3.847552214	,	0.001440072	,	1.26776689	,	1
31.10252297	,	0.061897973	,	0.675468963	,	0.996611302	,	1.701420217	,	0.003831359	,	0.808757674	,	1
36.98737196	,	0.068522991	,	0.660404849	,	0.996092566	,	1.957783375	,	0.0046954	,	0.876337274	,	1
36.13137845	,	0.070461962	,	0.665370654	,	0.996479399	,	1.91924812	,	0.004964888	,	0.876977638	,	1
25.52686717	,	0.056520037	,	0.636717754	,	0.997539806	,	1.766365915	,	0.003194515	,	0.878853516	,	1
24.98193818	,	0.060379163	,	0.650907069	,	0.997821559	,	1.704745196	,	0.003645643	,	0.866709584	,	1
24.66696742	,	0.071547829	,	0.632859355	,	0.997950132	,	1.832314119	,	0.005119092	,	0.910981389	,	1
25.04309106	,	0.079011973	,	0.637052549	,	0.997904275	,	1.866716792	,	0.006242892	,	0.925034658	,	1
42.81837928	,	0.0699898	,	0.722223854	,	0.995460468	,	1.561971596	,	0.004898572	,	0.724443073	,	1
50.38401003	,	0.080222084	,	0.721930649	,	0.995205617	,	1.712999165	,	0.006435583	,	0.745989774	,	1
21.92090226	,	0.051619765	,	0.643760547	,	0.997423684	,	1.50984127	,	0.0026646	,	0.754528207	,	1
18.28190476	,	0.054604292	,	0.638297239	,	0.998009683	,	1.445781119	,	0.002981629	,	0.733053896	,	1
18.66778613	,	0.051142834	,	0.599272858	,	0.997877659	,	1.620233918	,	0.00261559	,	0.791257121	,	1
21.29273183	,	0.049379537	,	0.603592457	,	0.997549809	,	1.658379282	,	0.002438339	,	0.808911995	,	1
25.96945698	,	0.046129674	,	0.618165091	,	0.996646402	,	1.654703425	,	0.002127947	,	0.781465116	,	1
25.60496241	,	0.046432206	,	0.617203045	,	0.996814515	,	1.648538012	,	0.00215595	,	0.776260685	,	1
28.81500418	,	0.044894671	,	0.60516425	,	0.99671558	,	1.769055973	,	0.002015531	,	0.826301541	,	1
27.273868	,	0.051612825	,	0.632038866	,	0.99658813	,	1.591294904	,	0.002663884	,	0.740299638	,	1
18.59258145	,	0.062041639	,	0.625750102	,	0.997840536	,	1.447786132	,	0.003849165	,	0.699713008	,	1
20.55391813	,	0.065059842	,	0.623303788	,	0.998025242	,	1.553617377	,	0.004232783	,	0.759512951	,	1
25.92564745	,	0.055430883	,	0.626521086	,	0.997380538	,	1.642940685	,	0.003072583	,	0.782491948	,	1
77.53453634	,	0.057960098	,	0.636718849	,	0.982731969	,	2.596157059	,	0.003359373	,	1.010858735	,	1
56.71146199	,	0.055135683	,	0.661195443	,	0.986037956	,	2.151495405	,	0.003039943	,	0.949908843	,	1
31.51380117	,	0.05865182	,	0.697799881	,	0.988864258	,	1.662439432	,	0.003440036	,	0.821786325	,	1
31.27101086	,	0.060296989	,	0.706341356	,	0.989869727	,	1.604310777	,	0.003635727	,	0.798663245	,	1
76.36073517	,	0.059797715	,	0.639895944	,	0.983998464	,	2.544895572	,	0.003575767	,	1.000691624	,	1
76.67645781	,	0.063150986	,	0.638613084	,	0.983277324	,	2.570893901	,	0.003988047	,	0.987002077	,	1
69.78370927	,	0.062229582	,	0.685000493	,	0.973212468	,	2.32512949	,	0.003872521	,	0.897539054	,	1
94.81588972	,	0.058419309	,	0.661659483	,	0.970122066	,	2.746783626	,	0.003412816	,	0.996976156	,	1
123.9760735	,	0.056382542	,	0.630119929	,	0.970279808	,	3.269874687	,	0.003178991	,	1.078334513	,	1
66.07284879	,	0.062533185	,	0.691182941	,	0.976001897	,	2.201370092	,	0.003910399	,	0.86253937	,	1
95.5514787	,	0.056081638	,	0.658644134	,	0.971927638	,	2.729390142	,	0.00314515	,	0.995698062	,	1
119.8331662	,	0.054664452	,	0.636350087	,	0.972219965	,	3.152431078	,	0.002988202	,	1.062083611	,	1
63.34148705	,	0.054054155	,	0.637489014	,	0.98764101	,	2.445680869	,	0.002921852	,	1.037756468	,	1
65.29348371	,	0.055867457	,	0.63490413	,	0.987224203	,	2.492581454	,	0.003121173	,	1.044699507	,	1
73.2083208	,	0.057774139	,	0.62472482	,	0.985255471	,	2.64952381	,	0.003337851	,	1.048116603	,	1
62.20685046	,	0.056567573	,	0.674037807	,	0.986914453	,	2.227602339	,	0.00319989	,	0.973831236	,	1
70.55741019	,	0.053719367	,	0.654103164	,	0.986168197	,	2.430359231	,	0.00288577	,	1.01722703	,	1
74.02915622	,	0.05535296	,	0.642332694	,	0.985817141	,	2.558913952	,	0.00306395	,	1.038556634	,	1
95.18756892	,	0.057832216	,	0.616670301	,	0.98116891	,	2.951578947	,	0.003344565	,	1.073038286	,	1
83.58596491	,	0.058504035	,	0.631403458	,	0.983969637	,	2.746700084	,	0.003422722	,	1.054126221	,	1
65.84310777	,	0.082808201	,	0.678073167	,	0.971638434	,	2.288688388	,	0.006857198	,	0.862349213	,	1
63.7990142	,	0.082654571	,	0.674368017	,	0.971658733	,	2.27176274	,	0.006831778	,	0.866341993	,	1
60.98838764	,	0.082475414	,	0.67744428	,	0.972290496	,	2.207301587	,	0.006802194	,	0.851483695	,	1
57.58885547	,	0.081174419	,	0.687316139	,	0.973193255	,	2.110827068	,	0.006589286	,	0.839307935	,	1
53.84920635	,	0.080335561	,	0.694555362	,	0.974050702	,	2.009741019	,	0.006453802	,	0.818552959	,	1
62.49971596	,	0.053137608	,	0.660657645	,	0.99037215	,	2.34406015	,	0.002823605	,	1.010402739	,	1
64.2172264	,	0.053463783	,	0.654580557	,	0.990371579	,	2.413216374	,	0.002858376	,	1.022978726	,	1
66.22786967	,	0.060848264	,	0.64564203	,	0.990348925	,	2.507669173	,	0.003702511	,	1.007298589	,	1
64.81689223	,	0.056781485	,	0.638185942	,	0.987273687	,	2.508120301	,	0.003224137	,	1.034746737	,	1
63.73483709	,	0.054874145	,	0.645442006	,	0.987768985	,	2.431478697	,	0.003011172	,	1.030282252	,	1
56.79309942	,	0.055533384	,	0.665992462	,	0.988373145	,	2.204227235	,	0.003083957	,	0.978585791	,	1
112.6055472	,	0.05942022	,	0.618788159	,	0.97930832	,	3.055338346	,	0.003530763	,	1.088156575	,	1
108.9577945	,	0.056357625	,	0.623874896	,	0.980274862	,	2.949239766	,	0.003176182	,	1.080181839	,	1
81.28274018	,	0.056899501	,	0.658467735	,	0.982631016	,	2.443441938	,	0.003237553	,	0.997903909	,	1
47.9522807	,	0.059961664	,	0.689200215	,	0.986263885	,	1.911779449	,	0.003595401	,	0.893784525	,	1
39.70116959	,	0.098592373	,	0.713602471	,	0.974933057	,	1.800384294	,	0.009720456	,	0.794051336	,	1
37.05304929	,	0.098455778	,	0.715218831	,	0.976156379	,	1.741002506	,	0.00969354	,	0.785043926	,	1
33.87699248	,	0.096321348	,	0.732508293	,	0.978568312	,	1.605246449	,	0.009277802	,	0.757270014	,	1
29.53156224	,	0.094627113	,	0.745398736	,	0.981134217	,	1.470041771	,	0.00895429	,	0.731933478	,	1
32.60434419	,	0.086601005	,	0.730922684	,	0.983791059	,	1.600501253	,	0.007499734	,	0.76699294	,	1
36.46738513	,	0.084722749	,	0.714638731	,	0.982780717	,	1.734954052	,	0.007177944	,	0.792160043	,	1
40.113467	,	0.078743491	,	0.696166696	,	0.982827894	,	1.888939014	,	0.006200537	,	0.828541239	,	1
43.95461988	,	0.076952514	,	0.687013193	,	0.981527595	,	1.996758563	,	0.005921689	,	0.844683258	,	1
62.81116124	,	0.064445717	,	0.699803892	,	0.977250822	,	2.033116124	,	0.00415325	,	0.816718149	,	1
103.0912114	,	0.057601368	,	0.660447356	,	0.971826552	,	2.742105263	,	0.003317918	,	0.995011604	,	1
56.08715121	,	0.06101552	,	0.62877612	,	0.988881036	,	2.709139515	,	0.003722894	,	0.917969007	,	1
57.44858814	,	0.065445887	,	0.650534523	,	0.988776835	,	2.610392648	,	0.004283164	,	0.915963187	,	1
52.66195489	,	0.075982825	,	0.690770793	,	0.989360104	,	2.290091896	,	0.00577339	,	0.849650161	,	1
28.56746867	,	0.056549561	,	0.644536122	,	0.994426234	,	1.993166249	,	0.003197853	,	0.823800137	,	1
29.89898079	,	0.055345399	,	0.65253303	,	0.993945897	,	1.974168755	,	0.003063113	,	0.821711164	,	1
30.30230576	,	0.058997439	,	0.667179143	,	0.993540762	,	1.921587302	,	0.003480698	,	0.816202769	,	1
8.902556391	,	0.107454163	,	0.786666707	,	0.990738823	,	0.878128655	,	0.011546397	,	0.397062457	,	1
11.81630744	,	0.104628176	,	0.744253345	,	0.988411935	,	1.115421888	,	0.010947055	,	0.446309217	,	1
12.47079365	,	0.103326221	,	0.726528756	,	0.987690833	,	1.195639098	,	0.010676308	,	0.460092115	,	1
18.23286432	,	0.068780073	,	0.697411348	,	0.995878051	,	1.537889447	,	0.004730698	,	0.747325719	,	1
19.06457811	,	0.061802189	,	0.676381841	,	0.995731868	,	1.636307435	,	0.003819511	,	0.769353264	,	1
19.08487886	,	0.055139985	,	0.647795765	,	0.996156402	,	1.737209691	,	0.003040418	,	0.794878552	,	1
17.59019215	,	0.05862629	,	0.632027985	,	0.996669659	,	1.757710944	,	0.003437042	,	0.796227628	,	1
85.74442774	,	0.053758834	,	0.634268035	,	0.982934933	,	3.021186299	,	0.002890012	,	0.99981923	,	1
92.50897243	,	0.053929552	,	0.612693663	,	0.983251879	,	3.305530493	,	0.002908397	,	1.04372409	,	1
26.07313283	,	0.096372356	,	0.740796301	,	0.980633291	,	1.430426065	,	0.009287631	,	0.530403085	,	1
29.64786967	,	0.090258094	,	0.732328046	,	0.975130047	,	1.533015873	,	0.008146524	,	0.554103501	,	1
32.82778613	,	0.096940994	,	0.716156426	,	0.97743749	,	1.700735171	,	0.009397556	,	0.596475118	,	1
36.54103592	,	0.0901556	,	0.701246646	,	0.970417842	,	1.834369256	,	0.008128032	,	0.620643969	,	1
32.25264829	,	0.098871686	,	0.71969187	,	0.977584709	,	1.66845447	,	0.00977561	,	0.585625702	,	1
6.462372598	,	0.065714612	,	0.653961745	,	0.99872108	,	1.299331662	,	0.00431841	,	0.627675828	,	1
7.201470343	,	0.064793369	,	0.633045024	,	0.998816341	,	1.414636591	,	0.004198181	,	0.653433467	,	1
7.836491228	,	0.066700664	,	0.627779731	,	0.998758281	,	1.479766082	,	0.004448979	,	0.679468623	,	1
13.32546366	,	0.068897892	,	0.654441923	,	0.997341854	,	1.5586132	,	0.00474692	,	0.768308961	,	1
12.3695071	,	0.073182157	,	0.673130308	,	0.997548057	,	1.459565581	,	0.005355628	,	0.742503636	,	1
11.27423559	,	0.078077523	,	0.710493509	,	0.997838357	,	1.313868003	,	0.0060961	,	0.729777508	,	1
8.755204678	,	0.075843152	,	0.704267867	,	0.998380422	,	1.173951546	,	0.005752184	,	0.677471103	,	1
34.52888889	,	0.057424168	,	0.616210318	,	0.993076979	,	2.012865497	,	0.003297535	,	0.863303867	,	1
33.76928989	,	0.062155829	,	0.650826358	,	0.993479991	,	1.909273183	,	0.003863347	,	0.849637758	,	1
27.5471345	,	0.06119779	,	0.645717069	,	0.995065917	,	1.740484545	,	0.00374517	,	0.810047318	,	1
20.82716792	,	0.064539714	,	0.664601657	,	0.996406258	,	1.526482874	,	0.004165375	,	0.768410585	,	1
17.68033417	,	0.067907672	,	0.69089055	,	0.997001925	,	1.342656642	,	0.004611452	,	0.716561258	,	1
21.51903091	,	0.077539202	,	0.66798149	,	0.995385396	,	1.542422723	,	0.006012328	,	0.677241252	,	1
17.81934837	,	0.072293068	,	0.660601262	,	0.996437779	,	1.438162072	,	0.005226288	,	0.642887331	,	1
12.79159566	,	0.07669632	,	0.697639161	,	0.997561285	,	1.200116959	,	0.005882326	,	0.604044392	,	1
10.89092732	,	0.073024172	,	0.650475018	,	0.998196629	,	1.632481203	,	0.00533253	,	0.641537385	,	1
26.38676692	,	0.069701425	,	0.637554971	,	0.994887315	,	1.719632414	,	0.004858289	,	0.702524941	,	1
33.84898914	,	0.068384182	,	0.614232281	,	0.992769829	,	1.999231412	,	0.004676396	,	0.756474767	,	1
34.53134503	,	0.065850283	,	0.594504509	,	0.992575469	,	2.092581454	,	0.00433626	,	0.786904526	,	1
31.22823726	,	0.068099463	,	0.619999624	,	0.993770027	,	1.914452799	,	0.004637537	,	0.76189786	,	1
22.74512949	,	0.071530268	,	0.644804739	,	0.995778515	,	1.613233083	,	0.005116579	,	0.696414727	,	1
19.87076023	,	0.079769026	,	0.682656658	,	0.996558535	,	1.468487886	,	0.006363098	,	0.734534947	,	1
27.76583124	,	0.074328379	,	0.655014531	,	0.994932645	,	1.770977444	,	0.005524708	,	0.800687065	,	1
35.75929825	,	0.066464232	,	0.594457321	,	0.992809706	,	2.159866332	,	0.004417494	,	0.86165734	,	1
37.82026734	,	0.067234541	,	0.596960285	,	0.992038138	,	2.212882206	,	0.004520483	,	0.872341213	,	1
11.32305764	,	0.085059686	,	0.676575636	,	0.997118954	,	1.488838764	,	0.00723515	,	0.673216353	,	1
10.47827903	,	0.105038533	,	0.699926129	,	0.996229006	,	1.377961571	,	0.011033093	,	0.652884612	,	1
12.87854637	,	0.102073732	,	0.651605471	,	0.995774715	,	1.635605681	,	0.010419047	,	0.678562459	,	1
14.76412698	,	0.073233738	,	0.615056994	,	0.996798064	,	1.84940685	,	0.00536318	,	0.699959777	,	1
15.09166249	,	0.07667902	,	0.616994703	,	0.99680262	,	1.856808688	,	0.005879672	,	0.696260151	,	1
15.0015873	,	0.078574486	,	0.623469369	,	0.996884524	,	1.835171261	,	0.00617395	,	0.687570104	,	1
14.43136174	,	0.104113927	,	0.654880224	,	0.996177943	,	1.732815372	,	0.01083971	,	0.69587066	,	1
132.3358897	,	0.086527139	,	0.55938892	,	0.984846205	,	3.702272348	,	0.007486946	,	1.218695924	,	1
109.1564578	,	0.094358053	,	0.59527908	,	0.985583739	,	3.247986633	,	0.008903442	,	1.139969119	,	1
72.1384127	,	0.092526916	,	0.621402112	,	0.986980811	,	2.656908939	,	0.00856123	,	1.027399979	,	1
39.09236424	,	0.066432402	,	0.596132063	,	0.988266244	,	2.086248956	,	0.004413264	,	0.878558289	,	1
6.988838764	,	0.071279181	,	0.716758485	,	0.998599662	,	1.075254804	,	0.005080722	,	0.584210503	,	1
10.63426901	,	0.068234089	,	0.667443653	,	0.99739012	,	1.428287385	,	0.004655891	,	0.649540036	,	1
12.80471178	,	0.069296085	,	0.640627182	,	0.996425739	,	1.642506266	,	0.004801947	,	0.714774672	,	1
93.79475355	,	0.066573026	,	0.64613158	,	0.97309247	,	3.413634085	,	0.004431968	,	1.103502739	,	1
114.6168755	,	0.064189185	,	0.6233029	,	0.96823779	,	4.00427736	,	0.004120251	,	1.189392612	,	1
114.4450627	,	0.062037448	,	0.632690153	,	0.967558638	,	3.944644946	,	0.003848645	,	1.172655477	,	1
95.26501253	,	0.062973849	,	0.652804965	,	0.972759993	,	3.407401838	,	0.003965706	,	1.094238848	,	1
87.74710109	,	0.065173324	,	0.66269575	,	0.974308249	,	3.198964077	,	0.004247562	,	1.058641067	,	1
6.168638262	,	0.073697211	,	0.734448492	,	0.997588263	,	0.974018379	,	0.005431279	,	0.542681684	,	1
7.190258981	,	0.072092661	,	0.723662634	,	0.997147083	,	1.038546366	,	0.005197352	,	0.559148306	,	1
14.08255639	,	0.09542102	,	0.778019157	,	0.99732529	,	1.055756057	,	0.009105171	,	0.637910471	,	1
22.33757728	,	0.098506578	,	0.75103982	,	0.995522696	,	1.41647452	,	0.009703546	,	0.731066564	,	1
24.20649958	,	0.101036271	,	0.737390387	,	0.994965796	,	1.544444444	,	0.010208328	,	0.757121233	,	1
25.46121972	,	0.1036536	,	0.737084188	,	0.994678452	,	1.600568087	,	0.010744069	,	0.77861769	,	1
33.70619883	,	0.079018779	,	0.696411575	,	0.99249842	,	2.034452799	,	0.006243967	,	0.86286457	,	1
32.6192147	,	0.076954842	,	0.693345553	,	0.992995597	,	2.002439432	,	0.005922048	,	0.864816124	,	1
31.52982456	,	0.072870266	,	0.705537526	,	0.993723163	,	1.89005848	,	0.005310076	,	0.840363507	,	1
20.56984127	,	0.074115494	,	0.74907833	,	0.996301965	,	1.368671679	,	0.005493106	,	0.727156714	,	1
13.8487218	,	0.070362555	,	0.71265934	,	0.993497265	,	1.29112782	,	0.004950889	,	0.640332962	,	1
14.76603175	,	0.077167692	,	0.720321264	,	0.992416135	,	1.292648287	,	0.005954853	,	0.638044851	,	1
12.53741019	,	0.074181941	,	0.724979875	,	0.993440403	,	1.213834586	,	0.00550296	,	0.614171097	,	1
13.73261487	,	0.069282472	,	0.713817082	,	0.99358112	,	1.2893066	,	0.004800061	,	0.6411333	,	1
13.26095238	,	0.068698582	,	0.718493041	,	0.994135898	,	1.247151211	,	0.004719495	,	0.642001221	,	1
29.89632414	,	0.065771243	,	0.646136333	,	0.988786277	,	2.097493734	,	0.004325856	,	0.904859276	,	1
36.25368421	,	0.065071225	,	0.641393954	,	0.986453476	,	2.259264829	,	0.004234264	,	0.94128232	,	1
37.76349206	,	0.065003356	,	0.636619701	,	0.985400327	,	2.317042607	,	0.004225436	,	0.954999985	,	1
27.74362573	,	0.067478194	,	0.664950748	,	0.989335951	,	1.954753551	,	0.004553307	,	0.876780929	,	1
19.67510443	,	0.092224507	,	0.696723052	,	0.994933462	,	1.636073517	,	0.00850536	,	0.805191408	,	1
20.39253133	,	0.089513882	,	0.685348106	,	0.994747719	,	1.731846282	,	0.008012735	,	0.820969565	,	1
26.22793651	,	0.080173671	,	0.662152983	,	0.993301572	,	1.975639098	,	0.006427818	,	0.863201033	,	1
61.726533	,	0.090523903	,	0.657192815	,	0.987411419	,	2.865614035	,	0.008194577	,	1.035630499	,	1
32.49503759	,	0.098889887	,	0.702117958	,	0.993588634	,	1.914586466	,	0.00977921	,	0.87305818	,	1
24.3350543	,	0.103703298	,	0.734648789	,	0.99525195	,	1.490877193	,	0.010754374	,	0.762930012	,	1
18.05308271	,	0.107592342	,	0.757262761	,	0.996300128	,	1.19005848	,	0.011576112	,	0.680661908	,	1
27.17146199	,	0.071835235	,	0.680923424	,	0.98862461	,	1.614837093	,	0.005160301	,	0.686630342	,	1
36.0602005	,	0.063879041	,	0.659906644	,	0.986594573	,	1.914603175	,	0.004080532	,	0.75357884	,	1
51.14786967	,	0.06175234	,	0.649376598	,	0.982748771	,	2.222021721	,	0.003813352	,	0.807999894	,	1
46.91194653	,	0.063788111	,	0.66591257	,	0.985656656	,	2.091562239	,	0.004068923	,	0.786771161	,	1
17.55236424	,	0.076606283	,	0.715908563	,	0.993051968	,	1.266750209	,	0.005868523	,	0.569736513	,	1
4.64289056	,	0.079613238	,	0.746521017	,	0.998338788	,	0.796741855	,	0.006338268	,	0.422117518	,	1
22.17254804	,	0.074469069	,	0.71282912	,	0.99201496	,	1.369039265	,	0.005545642	,	0.592138537	,	1
4.704578112	,	0.078423436	,	0.745706444	,	0.998463787	,	0.801453634	,	0.006150235	,	0.42110842	,	1
29.20269006	,	0.076418758	,	0.720347541	,	0.990382169	,	1.468855472	,	0.005839827	,	0.600057623	,	1
4.379331662	,	0.081547026	,	0.763203548	,	0.998729076	,	0.743375104	,	0.006649917	,	0.393873322	,	1
71.82404344	,	0.054675344	,	0.619799522	,	0.97888056	,	2.519883041	,	0.002989393	,	0.895200224	,	1
79.56671679	,	0.04999349	,	0.602486025	,	0.978715797	,	2.824962406	,	0.002499349	,	0.959495831	,	1
145.1182289	,	0.053781205	,	0.618052028	,	0.973959199	,	3.256942356	,	0.002892418	,	0.962577496	,	1
110.5463659	,	0.057701514	,	0.652625273	,	0.979504055	,	2.724644946	,	0.003329465	,	0.890881332	,	1
75.96142022	,	0.060125443	,	0.681096279	,	0.984936398	,	2.189122807	,	0.003615069	,	0.806981611	,	1
12.52165414	,	0.07872277	,	0.689768138	,	0.992705465	,	1.374954052	,	0.006197275	,	0.599901497	,	1
13.92255639	,	0.077873821	,	0.686885698	,	0.992508927	,	1.454152047	,	0.006064332	,	0.624967602	,	1
7.811846282	,	0.081681678	,	0.73530985	,	0.996599266	,	1.013550543	,	0.006671897	,	0.496963797	,	1
2.935421888	,	0.093154607	,	0.778010792	,	0.998884623	,	0.649741019	,	0.008677781	,	0.361771987	,	1
2.76994152	,	0.098938074	,	0.772225259	,	0.999042576	,	0.656023392	,	0.009788743	,	0.358568937	,	1
47.6051462	,	0.054667255	,	0.633185887	,	0.987418575	,	2.259916458	,	0.002988509	,	0.870831406	,	1
48.10006683	,	0.056085692	,	0.650756895	,	0.98962142	,	2.21154553	,	0.003145605	,	0.886558824	,	1
55.41824561	,	0.052550649	,	0.617302202	,	0.986421124	,	2.556725146	,	0.002761571	,	0.925006167	,	1
16.33448622	,	0.06208779	,	0.662326028	,	0.995581063	,	1.492314119	,	0.003854894	,	0.681969346	,	1
14.01274854	,	0.062742712	,	0.679749273	,	0.996044223	,	1.338429407	,	0.003936648	,	0.639275285	,	1
11.14380952	,	0.064430903	,	0.700532617	,	0.996725192	,	1.182573099	,	0.004151341	,	0.59596297	,	1
10.94419382	,	0.064049333	,	0.696262505	,	0.996413462	,	1.17817878	,	0.004102317	,	0.589911009	,	1
14.48053467	,	0.062683693	,	0.672787619	,	0.995530841	,	1.375806182	,	0.003929245	,	0.640418384	,	1
20.00539683	,	0.062114262	,	0.649439151	,	0.994070561	,	1.62695071	,	0.003858182	,	0.713814157	,	1
18.26120301	,	0.06137687	,	0.650340045	,	0.993232798	,	1.584076859	,	0.00376712	,	0.689616191	,	1
1.453517126	,	0.112328728	,	0.781414809	,	0.999016811	,	0.555605681	,	0.012617743	,	0.255238881	,	1
3.999314954	,	0.106180585	,	0.731097252	,	0.997297333	,	0.862406015	,	0.011274317	,	0.429316449	,	1
5.359064327	,	0.103730272	,	0.695479968	,	0.99667559	,	1.05487051	,	0.010759969	,	0.481276739	,	1
46.77654135	,	0.054850474	,	0.630359114	,	0.985196892	,	2.251294904	,	0.003008574	,	0.847940377	,	1
46.52830409	,	0.056884659	,	0.649451604	,	0.987410529	,	2.191695906	,	0.003235864	,	0.839110686	,	1
37.81517126	,	0.062540316	,	0.698607127	,	0.991730603	,	1.693500418	,	0.003911291	,	0.708479602	,	1
73.55938179	,	0.055366498	,	0.614379548	,	0.979001278	,	2.777192982	,	0.003065449	,	0.922567762	,	1
4.13433584	,	0.090987348	,	0.746318353	,	0.997688088	,	0.810492899	,	0.008278698	,	0.448672903	,	1
4.865998329	,	0.087343305	,	0.728692919	,	0.997522197	,	0.914887218	,	0.007628853	,	0.466579802	,	1
2.760467836	,	0.093108091	,	0.780557106	,	0.998940104	,	0.653968254	,	0.008669117	,	0.365846364	,	1
5.469289891	,	0.086680762	,	0.718029846	,	0.997108002	,	0.963826232	,	0.007513555	,	0.482291917	,	1
5.937376775	,	0.083851747	,	0.714456835	,	0.997249237	,	1.020952381	,	0.007031116	,	0.489614074	,	1
4.327903091	,	0.087824029	,	0.747841222	,	0.998312807	,	0.835137845	,	0.00771306	,	0.436675586	,	1
3.216006683	,	0.093969076	,	0.767457607	,	0.998874769	,	0.708404344	,	0.008830187	,	0.392032223	,	1
6.684912281	,	0.084848977	,	0.70290285	,	0.99735083	,	1.069640769	,	0.007199349	,	0.516149675	,	1
67.78828739	,	0.052884225	,	0.500262933	,	0.99438677	,	2.966365915	,	0.002796741	,	1.1262843	,	1
55.98835422	,	0.054972581	,	0.524796544	,	0.995643884	,	2.656524645	,	0.003021985	,	1.065005836	,	1
36.76499582	,	0.057782332	,	0.541817555	,	0.997291156	,	2.142706767	,	0.003338798	,	0.951496297	,	1
97.17181287	,	0.045917268	,	0.48603	,	0.992295154	,	3.625814536	,	0.002108395	,	1.255843988	,	1
126.2992314	,	0.052818359	,	0.472063179	,	0.990439346	,	4.216457811	,	0.002789779	,	1.339860901	,	1
144.0124979	,	0.059226748	,	0.469109633	,	0.989291041	,	4.603976608	,	0.003507808	,	1.395003515	,	1
44.80033417	,	0.064122928	,	0.655925878	,	0.98251818	,	2.175472013	,	0.00411175	,	0.829093681	,	1
44.39117794	,	0.062581507	,	0.659103237	,	0.982509491	,	2.143157895	,	0.003916445	,	0.828351372	,	1
47.77040936	,	0.059739668	,	0.647205349	,	0.981124426	,	2.317844612	,	0.003568828	,	0.863898634	,	1
47.77137845	,	0.06087563	,	0.650026628	,	0.980850985	,	2.329741019	,	0.003705842	,	0.862217985	,	1
49.713066	,	0.061562428	,	0.624320755	,	0.981327235	,	2.370977444	,	0.003789933	,	0.868249135	,	1
42.28548922	,	0.062119802	,	0.630151888	,	0.984080703	,	2.25079602	,	0.00385887	,	0.850048567	,	1
24.59470343	,	0.065380196	,	0.653035158	,	0.990488001	,	1.839181287	,	0.00427457	,	0.774332549	,	1
15.0108939	,	0.06653039	,	0.667943459	,	0.993820281	,	1.522740184	,	0.004426293	,	0.697662502	,	1
13.30262322	,	0.083638067	,	0.703167219	,	0.994953473	,	1.337577277	,	0.006995326	,	0.661513378	,	1
19.23079365	,	0.082610558	,	0.695144572	,	0.992914857	,	1.506649958	,	0.006824504	,	0.710003721	,	1
22.7805848	,	0.081777493	,	0.682490813	,	0.991826686	,	1.665096074	,	0.006687558	,	0.744489758	,	1
41.63996658	,	0.07703572	,	0.661308679	,	0.985821411	,	2.053533835	,	0.005934502	,	0.817895684	,	1
24.06711779	,	0.115788456	,	0.675586082	,	0.993662259	,	1.701169591	,	0.013406967	,	0.774858703	,	1
30.62685046	,	0.116284699	,	0.676193277	,	0.992036471	,	1.821737678	,	0.013522131	,	0.803387748	,	1
30.80842105	,	0.112451004	,	0.677190964	,	0.991641935	,	1.813299916	,	0.012645228	,	0.804367858	,	1
28.79002506	,	0.066561047	,	0.626722739	,	0.991397369	,	2.015054302	,	0.004430373	,	0.827383731	,	1
41.52576441	,	0.066745409	,	0.627741429	,	0.987986664	,	2.243057644	,	0.00445495	,	0.87930138	,	1
42.52573099	,	0.062865876	,	0.62731996	,	0.98708282	,	2.24609858	,	0.003952118	,	0.87667475	,	1
32.70952381	,	0.053670683	,	0.57697253	,	0.98693649	,	2.314569758	,	0.002880542	,	0.870858456	,	1
32.64750209	,	0.068824318	,	0.631253179	,	0.985302389	,	2.082690058	,	0.004736787	,	0.798242855	,	1
34.14457811	,	0.067236325	,	0.617978011	,	0.984985602	,	2.192263993	,	0.004520723	,	0.820054167	,	1
28.69343358	,	0.068545117	,	0.628420636	,	0.987306028	,	2.002305764	,	0.004698433	,	0.785021036	,	1
33.03878028	,	0.063637863	,	0.622198406	,	0.983672001	,	2.097994987	,	0.004049778	,	0.799760287	,	1
43.28675021	,	0.052212684	,	0.595025983	,	0.986570659	,	2.379749373	,	0.002726164	,	0.922879055	,	1
0.101269841	,	0.269085601	,	0.951229741	,	0.995324881	,	0.098162072	,	0.072407061	,	0.026035654	,	0
0.111896408	,	0.265926414	,	0.948317755	,	0.995201691	,	0.104778613	,	0.070716857	,	0.032469266	,	0
0.119715957	,	0.254109211	,	0.945094403	,	0.995616357	,	0.111461988	,	0.064571491	,	0.032723833	,	0
0.133851295	,	0.245462789	,	0.94214298	,	0.995360769	,	0.1186132	,	0.060251981	,	0.040481523	,	0
0.139064327	,	0.243628565	,	0.9418691	,	0.995291033	,	0.119983292	,	0.059354878	,	0.039641772	,	0
0.127869674	,	0.251144706	,	0.94485238	,	0.995271207	,	0.113199666	,	0.063073664	,	0.033526953	,	0
0.10952381	,	0.263354569	,	0.949307091	,	0.995285912	,	0.102706767	,	0.069355629	,	0.032071914	,	0
0.101353383	,	0.268836448	,	0.952190476	,	0.995275252	,	0.09657477	,	0.072273036	,	0.024332596	,	0
0.313684211	,	0.23328239	,	0.918714187	,	0.996555011	,	0.183792815	,	0.054420673	,	0.139360837	,	0
0.180133668	,	0.24895155	,	0.935967238	,	0.994337466	,	0.135989975	,	0.061976874	,	0.066419125	,	0
0.126766917	,	0.255344759	,	0.943473684	,	0.99504681	,	0.115338346	,	0.065200946	,	0.028944789	,	0
1.689807853	,	0.237025654	,	0.903131397	,	0.994659611	,	0.290609858	,	0.056181161	,	0.225373747	,	0
3.195004177	,	0.227370248	,	0.897895787	,	0.99127806	,	0.324728488	,	0.05169723	,	0.277567964	,	0
1.990977444	,	0.228093481	,	0.883528819	,	0.993582854	,	0.339548872	,	0.052026636	,	0.282589228	,	0
6.838312448	,	0.226627727	,	0.877639235	,	0.978442779	,	0.464010025	,	0.051360127	,	0.316177682	,	0
3.810827068	,	0.195485293	,	0.872215011	,	0.993916476	,	0.434385965	,	0.0382145	,	0.35281893	,	0
3.657527151	,	0.196246003	,	0.874517962	,	0.995981233	,	0.420935673	,	0.038512494	,	0.358784748	,	0
2.4128	,	0.233841604	,	0.91866946	,	0.993194097	,	0.277833333	,	0.054681896	,	0.20183473	,	0
4.281787803	,	0.23559835	,	0.905007985	,	0.994140724	,	0.385614035	,	0.055506583	,	0.265023807	,	0
6.735906433	,	0.209539142	,	0.873286768	,	0.995189364	,	0.556691729	,	0.043906652	,	0.364938421	,	0
0.168203843	,	0.187919662	,	0.933993401	,	0.998278233	,	0.137259816	,	0.035313799	,	0.064724195	,	0
0.13540518	,	0.188261546	,	0.937967422	,	0.998543276	,	0.125914787	,	0.03544241	,	0.044918013	,	0
0.130927318	,	0.187832894	,	0.93968505	,	0.998586439	,	0.122305764	,	0.035281196	,	0.041110805	,	0
0.138162072	,	0.185973183	,	0.939904686	,	0.998562218	,	0.123057644	,	0.034586025	,	0.045621094	,	0
0.127117794	,	0.189335087	,	0.940531328	,	0.998585203	,	0.120300752	,	0.035847775	,	0.036777306	,	0
0.326833751	,	0.262616361	,	0.922058209	,	0.997945534	,	0.181035923	,	0.068967353	,	0.122842978	,	0
14.72763576	,	0.084799962	,	0.679412451	,	0.9983487	,	1.332013367	,	0.007191034	,	0.79378894	,	0
0.330710109	,	0.263772059	,	0.919717974	,	0.997974069	,	0.185580618	,	0.069575699	,	0.126211617	,	0
11.38531328	,	0.088977449	,	0.699961478	,	0.998731442	,	1.1613868	,	0.007916986	,	0.751951197	,	0
0.34128655	,	0.260177731	,	0.918498297	,	0.997890181	,	0.188571429	,	0.067692452	,	0.12491739	,	0
16.86280702	,	0.081671265	,	0.659682473	,	0.99822813	,	1.474168755	,	0.006670196	,	0.84756154	,	0
0.118579783	,	0.240608269	,	0.944479532	,	0.996820692	,	0.11229741	,	0.057892339	,	0.02919549	,	0
0.119983292	,	0.230028719	,	0.942334169	,	0.997406922	,	0.116106934	,	0.052913212	,	0.032132115	,	0
0.255856307	,	0.208325495	,	0.943066856	,	0.996888923	,	0.125530493	,	0.043399512	,	0.070845947	,	0
0.542172097	,	0.181936887	,	0.908083222	,	0.997646249	,	0.214887218	,	0.033101031	,	0.149121205	,	0
1.155321637	,	0.17307442	,	0.893632503	,	0.997583193	,	0.28855472	,	0.029954755	,	0.22208538	,	0
1.659482038	,	0.169980964	,	0.888342132	,	0.997554021	,	0.341520468	,	0.028893528	,	0.262813533	,	0
3.729039265	,	0.131446636	,	0.809035785	,	0.995635446	,	0.624878864	,	0.017278218	,	0.442792782	,	0
4.602389307	,	0.126351646	,	0.798160157	,	0.996128842	,	0.709924812	,	0.015964738	,	0.471031268	,	0
8.068370927	,	0.096664713	,	0.711808329	,	0.996542906	,	1.129256475	,	0.009344067	,	0.725741079	,	0
5.910258981	,	0.089366355	,	0.729604961	,	0.997403862	,	0.949857978	,	0.007986345	,	0.667418778	,	0
6.150543024	,	0.09170768	,	0.71966204	,	0.997809793	,	0.988203843	,	0.008410299	,	0.684079909	,	0
6.4053467	,	0.095151901	,	0.725143728	,	0.998128728	,	0.993517126	,	0.009053884	,	0.695110859	,	0
6.538379282	,	0.102779792	,	0.73189124	,	0.998512375	,	0.985196324	,	0.010563686	,	0.692071095	,	0
4.587234754	,	0.10465671	,	0.753471712	,	0.996831087	,	0.801303258	,	0.010953027	,	0.577375907	,	0
4.996106934	,	0.118120897	,	0.757972643	,	0.997973377	,	0.822472849	,	0.013952546	,	0.607362781	,	0
5.095705931	,	0.126524645	,	0.761626125	,	0.99829304	,	0.818379282	,	0.016008486	,	0.606966916	,	0
6.606349206	,	0.096347199	,	0.717622033	,	0.99704975	,	0.946700084	,	0.009282783	,	0.643560132	,	0
4.117460317	,	0.108157791	,	0.732764999	,	0.997649639	,	0.812898914	,	0.011698108	,	0.582284871	,	0
4.07647452	,	0.114791759	,	0.745543152	,	0.997674568	,	0.784644946	,	0.013177148	,	0.573887535	,	0
4.240918964	,	0.121298039	,	0.75471525	,	0.997569009	,	0.767869674	,	0.014713214	,	0.563856805	,	0
4.8667335	,	0.111382368	,	0.749734901	,	0.997362781	,	0.82887218	,	0.012406032	,	0.594988786	,	0
1.441737678	,	0.24168352	,	0.884505271	,	0.997278708	,	0.334536341	,	0.058410924	,	0.30864941	,	0
1.436591479	,	0.237210825	,	0.878712046	,	0.99742158	,	0.347769424	,	0.056268975	,	0.343740091	,	0
1.499933166	,	0.235894485	,	0.877186566	,	0.996806418	,	0.351194653	,	0.055646208	,	0.334732414	,	0
1.213851295	,	0.233962389	,	0.882005472	,	0.996844696	,	0.320250627	,	0.054738399	,	0.293196934	,	0
0.12406015	,	0.239081808	,	0.944085213	,	0.997372528	,	0.113868003	,	0.057160111	,	0.034683327	,	0
0.123007519	,	0.24412467	,	0.943729323	,	0.996458919	,	0.114285714	,	0.059596855	,	0.032671893	,	0
0.104043442	,	0.250053854	,	0.950985798	,	0.996055618	,	0.099030911	,	0.06252693	,	0.022406359	,	0
0.100885547	,	0.253831178	,	0.95489056	,	0.996073025	,	0.091996658	,	0.064430267	,	0.022176546	,	0
2.419649123	,	0.082594316	,	0.71760285	,	0.998222388	,	0.749206349	,	0.006821821	,	0.357062693	,	0
2.968421053	,	0.076207441	,	0.681987101	,	0.997752927	,	0.866165414	,	0.005807574	,	0.393019257	,	0
2.193032581	,	0.069500935	,	0.691723818	,	0.99820377	,	0.77679198	,	0.00483038	,	0.344873673	,	0
1.923692565	,	0.065201644	,	0.722404691	,	0.998649807	,	0.685162907	,	0.004251254	,	0.321927562	,	0
1.277761069	,	0.068976838	,	0.727012867	,	0.998965635	,	0.630877193	,	0.004757804	,	0.271892679	,	0
2.477393484	,	0.08091605	,	0.704663778	,	0.998023298	,	0.77914787	,	0.006547407	,	0.354808127	,	0
1.370359231	,	0.069182702	,	0.710265036	,	0.998786185	,	0.675789474	,	0.004786246	,	0.26145592	,	0
0.978579783	,	0.098810041	,	0.782721692	,	0.999441556	,	0.512548037	,	0.009763424	,	0.275278925	,	0
0.731679198	,	0.130581988	,	0.816692928	,	0.999572527	,	0.418964077	,	0.017051656	,	0.256020798	,	0
0.615288221	,	0.163549051	,	0.841698087	,	0.999425885	,	0.359348371	,	0.026748292	,	0.234566848	,	0
0.627117794	,	0.083713122	,	0.796866256	,	0.999644397	,	0.440685046	,	0.007007887	,	0.196483735	,	0
0.479548872	,	0.137089835	,	0.839161762	,	0.999619445	,	0.346616541	,	0.018793623	,	0.190393298	,	0
0.545569221	,	0.106618668	,	0.820427149	,	0.999691964	,	0.387359126	,	0.01136754	,	0.197880502	,	0
0.674068505	,	0.116571643	,	0.814703756	,	0.999609759	,	0.414352548	,	0.013588948	,	0.244202257	,	0
7.469022556	,	0.071585851	,	0.614682216	,	0.995787157	,	1.283926483	,	0.005124534	,	0.568061558	,	0
7.217677527	,	0.070671774	,	0.603706013	,	0.995868945	,	1.308270677	,	0.0049945	,	0.563413032	,	0
7.181637427	,	0.071268791	,	0.607903296	,	0.995868302	,	1.289172932	,	0.005079241	,	0.561994818	,	0
7.279715957	,	0.071881415	,	0.600749254	,	0.99586825	,	1.319014202	,	0.005166938	,	0.568964323	,	0
7.96352548	,	0.081573292	,	0.599621968	,	0.995367268	,	1.362589808	,	0.006654202	,	0.583492863	,	0
5.995121136	,	0.059346568	,	0.681290317	,	0.996077681	,	0.98726817	,	0.003522015	,	0.491389825	,	0
3.127936508	,	0.195037511	,	0.785095605	,	0.998406477	,	0.667218045	,	0.038039631	,	0.435267513	,	0
3.192113617	,	0.185323816	,	0.785966694	,	0.998420431	,	0.664928989	,	0.034344917	,	0.435714081	,	0
3.317376775	,	0.15862029	,	0.775012688	,	0.998363007	,	0.697994987	,	0.025160397	,	0.449462416	,	0
3.571077694	,	0.119336048	,	0.752310226	,	0.998163378	,	0.767067669	,	0.014241092	,	0.469489693	,	0
3.18877193	,	0.089207552	,	0.725271142	,	0.99836527	,	0.82940685	,	0.007957987	,	0.480605358	,	0
5.430609858	,	0.068260664	,	0.66696327	,	0.996996976	,	1.142589808	,	0.004659518	,	0.518521662	,	0
3.026165414	,	0.18946461	,	0.803839821	,	0.99932631	,	0.618913952	,	0.035896838	,	0.422227195	,	0
3.030576441	,	0.170356885	,	0.808738013	,	0.999328357	,	0.607117794	,	0.029021468	,	0.427947201	,	0
2.816157059	,	0.099415495	,	0.778242295	,	0.999288559	,	0.664611529	,	0.009883441	,	0.463542679	,	0
3.109774436	,	0.178091627	,	0.80808773	,	0.999308805	,	0.610392648	,	0.031716628	,	0.422383529	,	0
3.047151211	,	0.193558577	,	0.799058947	,	0.999163303	,	0.631244779	,	0.037464923	,	0.427997267	,	0
3.132380952	,	0.174094078	,	0.799944938	,	0.999143224	,	0.631194653	,	0.030308748	,	0.433419563	,	0
3.240517962	,	0.120492451	,	0.784207224	,	0.999070338	,	0.669824561	,	0.014518431	,	0.455155683	,	0
3.032631579	,	0.10014319	,	0.764868157	,	0.999077844	,	0.708053467	,	0.010028659	,	0.46508208	,	0
3.165814536	,	0.097377651	,	0.749182573	,	0.998775849	,	0.75518797	,	0.009482407	,	0.467250909	,	0
3.162172097	,	0.145359314	,	0.785192343	,	0.998873818	,	0.664360902	,	0.02112933	,	0.44590953	,	0
3.093166249	,	0.186690781	,	0.794790378	,	0.998912298	,	0.641269841	,	0.034853448	,	0.437303566	,	0
3.153433584	,	0.195127785	,	0.791538453	,	0.998727373	,	0.650743525	,	0.038074852	,	0.432883845	,	0
17.80105263	,	0.109006987	,	0.725430886	,	0.989246864	,	1.200417711	,	0.011882523	,	0.626919287	,	0
14.98960735	,	0.109638461	,	0.747422436	,	0.990676506	,	1.063191312	,	0.012020592	,	0.565980341	,	0
25.30263993	,	0.089043516	,	0.704314735	,	0.992228146	,	1.573015873	,	0.007928748	,	0.830427908	,	1
12.47530493	,	0.091160238	,	0.764878823	,	0.995941439	,	0.971345029	,	0.008310189	,	0.612026382	,	1
4.962071846	,	0.088799057	,	0.776131291	,	0.998250469	,	0.720868839	,	0.007885272	,	0.506495052	,	1
27.0031746	,	0.081336181	,	0.695429775	,	0.991481816	,	1.652397661	,	0.006615574	,	0.839815402	,	1
10.55817878	,	0.069899232	,	0.741800544	,	0.99629904	,	0.958646617	,	0.004885903	,	0.588590253	,	1
11.15542189	,	0.072676555	,	0.737072245	,	0.996021622	,	0.995522139	,	0.005281882	,	0.595585399	,	1
11.29729323	,	0.075919611	,	0.738449349	,	0.995950962	,	1.007134503	,	0.005763787	,	0.596246318	,	1
25.10626566	,	0.077825253	,	0.700260357	,	0.990771901	,	1.58406015	,	0.00605677	,	0.803697823	,	1
8.110426065	,	0.080785144	,	0.749729241	,	0.997262424	,	0.900601504	,	0.006526239	,	0.58481558	,	1
25.1166416	,	0.083150159	,	0.704395888	,	0.991624643	,	1.578730159	,	0.006913949	,	0.811417635	,	1
27.91370092	,	0.074913621	,	0.74670579	,	0.99208578	,	1.434536341	,	0.005612051	,	0.728621607	,	1
9.668521303	,	0.068830196	,	0.735185001	,	0.995274665	,	0.992564745	,	0.004737596	,	0.545843664	,	1
7.572598162	,	0.073027318	,	0.75372735	,	0.99571651	,	0.862556391	,	0.005332989	,	0.496246943	,	1
29.41727652	,	0.085089345	,	0.747885644	,	0.990892631	,	1.471111111	,	0.007240197	,	0.72572956	,	1
23.12898914	,	0.070555357	,	0.754540264	,	0.993664029	,	1.20374269	,	0.004978058	,	0.653937706	,	1
27.06165414	,	0.078195192	,	0.749325997	,	0.992262849	,	1.341587302	,	0.006114488	,	0.695513002	,	1
16.96153718	,	0.066005252	,	0.743052684	,	0.994941523	,	1.159899749	,	0.004356693	,	0.661594063	,	1
17.26923977	,	0.069693594	,	0.748265497	,	0.994625258	,	1.158295739	,	0.004857197	,	0.66754251	,	1
12.92552573	,	0.084074373	,	0.708355468	,	0.995391012	,	1.253730352	,	0.0070685	,	0.730154443	,	1
28.7568254	,	0.084630663	,	0.74499022	,	0.991227275	,	1.450927318	,	0.007162349	,	0.722355282	,	1
369.5783292	,	0.03883432	,	0.392715125	,	0.937049612	,	9.054954052	,	0.001508104	,	1.816523628	,	1
362.8226566	,	0.037408925	,	0.386149242	,	0.943222109	,	8.911378446	,	0.001399428	,	1.810850727	,	1
361.6438262	,	0.037212244	,	0.387124007	,	0.948025574	,	8.880250627	,	0.001384751	,	1.811442427	,	1
332.9662991	,	0.039550459	,	0.439335923	,	0.953108879	,	7.985079365	,	0.001564239	,	1.729366509	,	1
411.8394319	,	0.029576901	,	0.333459371	,	0.934503967	,	10.04280702	,	0.000874793	,	1.898585562	,	1
392.5291729	,	0.027121804	,	0.325319915	,	0.945840125	,	9.796608187	,	0.000735592	,	1.894186851	,	1
358.9308104	,	0.029771907	,	0.374954713	,	0.9553731	,	8.813951546	,	0.000886366	,	1.81276446	,	1
132.2425063	,	0.083509883	,	0.596660011	,	0.935816614	,	4.170292398	,	0.006973901	,	1.190209113	,	1
123.0705931	,	0.082474826	,	0.598770914	,	0.941515888	,	4.040050125	,	0.006802097	,	1.173318166	,	1
87.74985798	,	0.083185597	,	0.610291654	,	0.964140475	,	3.507886383	,	0.006919843	,	1.116337875	,	1
223.7175104	,	0.043444791	,	0.428352733	,	0.954424764	,	6.760384294	,	0.00188745	,	1.622551077	,	1
209.8896742	,	0.04442132	,	0.432561932	,	0.960166139	,	6.537994987	,	0.001973254	,	1.605092282	,	1
156.7860652	,	0.044941952	,	0.455338745	,	0.972178648	,	5.658512949	,	0.002019779	,	1.520979198	,	1
94.79528822	,	0.040798842	,	0.446647301	,	0.969401661	,	4.349573935	,	0.001664546	,	1.299237811	,	1
86.60131997	,	0.042752881	,	0.474046312	,	0.971321833	,	3.987986633	,	0.001827809	,	1.245113415	,	1
111.7000668	,	0.036398897	,	0.39446255	,	0.968623587	,	4.92619883	,	0.00132488	,	1.358788193	,	1
102.9459649	,	0.089415305	,	0.586994891	,	0.971530787	,	3.706800334	,	0.007995097	,	1.258811452	,	1
117.7256307	,	0.061906808	,	0.523713983	,	0.977701318	,	4.285396825	,	0.003832453	,	1.362752836	,	1
93.50860485	,	0.063771449	,	0.544444266	,	0.981960787	,	3.767719298	,	0.004066798	,	1.299701749	,	1
92.01971596	,	0.066484566	,	0.565456424	,	0.980235692	,	3.632046784	,	0.004420198	,	1.27892807	,	1
101.7439294	,	0.060747057	,	0.550204849	,	0.957822343	,	4.103736162	,	0.003690205	,	1.228805492	,	1
91.34026734	,	0.060028156	,	0.546112805	,	0.965460446	,	3.969340017	,	0.00360338	,	1.215633817	,	1
66.15361738	,	0.063973057	,	0.566933193	,	0.975770808	,	3.373032581	,	0.004092552	,	1.120955518	,	1
65.64573099	,	0.063474488	,	0.561935905	,	0.977836847	,	3.410643275	,	0.004029011	,	1.117922761	,	1
62.75022556	,	0.077137823	,	0.592985516	,	0.975932204	,	3.184578112	,	0.005950244	,	1.085606474	,	1
61.60294069	,	0.078107549	,	0.600077479	,	0.974251418	,	3.104427736	,	0.006100789	,	1.070038111	,	1
75.34157059	,	0.077061278	,	0.588334789	,	0.965207889	,	3.423375104	,	0.005938441	,	1.123559929	,	1
90.23067669	,	0.077246023	,	0.593625171	,	0.955473222	,	3.611428571	,	0.005966948	,	1.144596092	,	1
73.35488722	,	0.129225654	,	0.635939593	,	0.963072874	,	2.985864662	,	0.01669927	,	1.00597039	,	1
83.4021721	,	0.083203018	,	0.594689989	,	0.970406017	,	3.250994152	,	0.006922742	,	1.076797817	,	1
56.55894737	,	0.173914408	,	0.694996565	,	0.966460972	,	2.43336675	,	0.030246221	,	0.909853597	,	1
35.58414369	,	0.077408114	,	0.615178618	,	0.987859346	,	2.284193818	,	0.005992016	,	0.929370277	,	1
69.02838764	,	0.078541299	,	0.603789217	,	0.975784128	,	2.881487051	,	0.006168736	,	1.015088367	,	1
76.26026734	,	0.075197964	,	0.585719712	,	0.971666967	,	3.168571429	,	0.005654734	,	1.077248506	,	1
100.4073851	,	0.071116299	,	0.558851496	,	0.962225807	,	3.74449457	,	0.005057528	,	1.163535653	,	1
69.45817878	,	0.062575822	,	0.570514867	,	0.976795374	,	3.135806182	,	0.003915733	,	1.082449743	,	1
64.58880535	,	0.062504242	,	0.565096876	,	0.980106124	,	3.116925647	,	0.00390678	,	1.116180304	,	1
71.89151211	,	0.070877841	,	0.573975254	,	0.979485796	,	3.194135338	,	0.005023668	,	1.131804479	,	1
53.93062657	,	0.056933523	,	0.552660261	,	0.983016061	,	2.956357561	,	0.003241426	,	1.080691014	,	1
48.70339181	,	0.058137363	,	0.56164068	,	0.983506064	,	2.782923977	,	0.003379953	,	1.047715651	,	1
85.46382623	,	0.067049979	,	0.540064683	,	0.981074011	,	3.367819549	,	0.0044957	,	1.153023512	,	1
89.57944862	,	0.066449354	,	0.563035134	,	0.980884712	,	3.37283208	,	0.004415517	,	1.138362152	,	1
141.6096909	,	0.041052535	,	0.461125273	,	0.979429377	,	5.082005013	,	0.001685311	,	1.452956398	,	1
64.35052632	,	0.080886361	,	0.594107103	,	0.978924814	,	2.671929825	,	0.006542603	,	0.976264473	,	1
32.0726817	,	0.060055542	,	0.521295878	,	0.994480159	,	2.702756892	,	0.003606668	,	1.107543034	,	1
31.52511278	,	0.058700125	,	0.526827506	,	0.994719815	,	2.660785297	,	0.003445705	,	1.102529938	,	1
31.62531328	,	0.054210085	,	0.508044015	,	0.994546894	,	2.725864662	,	0.002938733	,	1.101233535	,	1
31.32253968	,	0.054294756	,	0.520671377	,	0.994387393	,	2.681403509	,	0.00294792	,	1.097868672	,	1
42.03592314	,	0.033016983	,	0.415292552	,	0.993407055	,	3.503157895	,	0.001090121	,	1.244001753	,	1
40.4702924	,	0.037551531	,	0.44364001	,	0.993965278	,	3.329908104	,	0.001410117	,	1.217964297	,	1
37.97869674	,	0.04091946	,	0.452265441	,	0.994237446	,	3.201854637	,	0.001674402	,	1.19661478	,	1
151.8866165	,	0.048472003	,	0.519845224	,	0.975946149	,	4.802974102	,	0.002349535	,	1.370490121	,	1
150.881203	,	0.045466098	,	0.516063245	,	0.974525236	,	4.782422723	,	0.002067166	,	1.369000721	,	1
143.9073517	,	0.054817126	,	0.535547902	,	0.973871209	,	4.516875522	,	0.003004917	,	1.310252104	,	1
173.0284879	,	0.041173849	,	0.490755956	,	0.975978213	,	5.345179616	,	0.001695286	,	1.468671026	,	1
172.3166917	,	0.040560389	,	0.495024917	,	0.975011798	,	5.288253968	,	0.001645145	,	1.465250537	,	1
122.1523844	,	0.049056981	,	0.510179633	,	0.973562461	,	4.137641852	,	0.002406587	,	1.241126048	,	1
136.4469006	,	0.043281179	,	0.492595784	,	0.976828298	,	4.533182957	,	0.00187326	,	1.334714462	,	1
145.6067502	,	0.037250114	,	0.488858717	,	0.980933936	,	4.737978279	,	0.001387571	,	1.382515602	,	1
140.0088722	,	0.039075437	,	0.516715656	,	0.982950079	,	4.423575606	,	0.00152689	,	1.322262895	,	1
195.0865497	,	0.068019931	,	0.631678552	,	0.973977867	,	3.801035923	,	0.004626711	,	1.063031591	,	1
196.3430744	,	0.067583742	,	0.638115845	,	0.970024622	,	3.812046784	,	0.004567562	,	1.051055813	,	1
179.3915288	,	0.067953526	,	0.654206016	,	0.969498936	,	3.47540518	,	0.004617682	,	1.008654442	,	1
161.39868	,	0.072534438	,	0.67742266	,	0.968478479	,	3.046399332	,	0.005261245	,	0.928975086	,	1
131.7847619	,	0.082433549	,	0.707370129	,	0.968667805	,	2.555254804	,	0.00679529	,	0.825626359	,	1
104.320117	,	0.093088298	,	0.716078331	,	0.96989655	,	2.220133668	,	0.008665431	,	0.774890715	,	1
111.4526984	,	0.093145119	,	0.708474329	,	0.970407716	,	2.385530493	,	0.008676013	,	0.802895942	,	1
129.664127	,	0.071070982	,	0.639540705	,	0.973845687	,	3.172330827	,	0.005051085	,	1.023496542	,	1
104.7520969	,	0.069356349	,	0.657430351	,	0.978008374	,	2.632932331	,	0.004810303	,	0.931291666	,	1
129.2561571	,	0.063285274	,	0.640883552	,	0.974443985	,	3.021035923	,	0.004005026	,	1.007078112	,	1
7.50481203	,	0.092908219	,	0.752138547	,	0.996346908	,	0.933249791	,	0.008631937	,	0.520556146	,	1
8.481169591	,	0.086528841	,	0.73844732	,	0.99600548	,	1.022088555	,	0.00748724	,	0.541401197	,	1
9.559715957	,	0.07841451	,	0.718408678	,	0.995626921	,	1.129172932	,	0.006148835	,	0.569098578	,	1
3.417978279	,	0.08384647	,	0.744064363	,	0.997993474	,	0.790776942	,	0.007030231	,	0.421383111	,	1
38.23670844	,	0.095606204	,	0.704746864	,	0.989106427	,	1.662372598	,	0.009140546	,	0.743636104	,	1
49.02529657	,	0.084474014	,	0.686944983	,	0.988456118	,	1.957126149	,	0.007135859	,	0.823687379	,	1
56.13786132	,	0.076385229	,	0.670771991	,	0.987205176	,	2.20770259	,	0.005834703	,	0.888766159	,	1
23.19096074	,	0.077403133	,	0.718963324	,	0.988976954	,	1.345146199	,	0.005991245	,	0.612840636	,	1
9.409206349	,	0.088810321	,	0.730977684	,	0.99488329	,	1.048103592	,	0.007887273	,	0.551191809	,	1
33.95418546	,	0.076321039	,	0.697276837	,	0.989263949	,	1.63101086	,	0.005824901	,	0.739899412	,	1
